pid,Name
197882,Stephen Sequeira
197883,Anjali Nair
197884,Teresa Pereira
197885,Khalid Mirza
197886,Rahul Saxena
197887,John Coelho
197888,Catherine Pereira
197889,Rahul Mehta
197890,Elizabeth Gomes
197891,Nikita Desai
197892,Margaret Dias
197893,Aarav Trivedi
197894,Sanjay Kulkarni
197895,Simon Fernandes
197896,Sanjay Sharma
197897,Imran Tariq
197898,Meera Malhotra
197899,Neha Reddy
197900,Ayesha Malik
197901,Simon Noronha
197902,Daniel Gomes
197903,Joseph Dias
197904,Margaret Almeida
197905,Daniel Fernandes
197906,Varun Saxena
197907,Deepak Joshi
197908,Shabana Rehman
197909,Teresa Fernandes
197910,Sneha Pandey
197911,Anne Pinto
197912,Rajesh Iyer
197913,Catherine Coelho
197914,Priya Trivedi
197915,David Almeida
197916,Anne Monteiro
197917,Lucas Rodrigues
197918,Nikita Bansal
197919,Elizabeth Gomes
197920,Deepak Chopra
197921,Pooja Iyer
197922,Priya Desai
197923,Kavita Iyer
197924,Omar Syed
197925,Varun Malhotra
197926,Sameer Ahmed
197927,Teresa Fernandes
197928,Michael Dâ€™Mello
197929,Aarav Iyer
197930,Sanjay Patel
197931,Anjali Bansal
197932,Rajesh Bhatt
197933,Lucas Sequeira
197934,Amit Trivedi
197935,Anjali Bansal
197936,Neha Iyer
197937,Simon Dâ€™Costa
197938,Teresa Gomes
197939,Lucas Rodrigues
197940,Sanjay Sharma
197941,Teresa Dâ€™Costa
197942,Margaret Dâ€™Mello
197943,Daniel Sequeira
197944,Anthony Rodrigues
197945,Neha Saxena
197946,Christopher Machado
197947,Rahul Mehta
197948,Elizabeth Rodrigues
197949,Anjali Choudhary
197950,Stephen Machado
197951,David Fernandes
197952,Aarav Agarwal
197953,Aarav Joshi
197954,Sanjay Verma
197955,Sanjay Malhotra
197956,Peter Castro
197957,Khalid Chaudhry
197958,Deepak Kulkarni
197959,Khalid Chaudhry
197960,Meera Patel
197961,Ramesh Agarwal
197962,Omar Qureshi
197963,Zaid Shan
197964,Rahul Ghosh
197965,Rajesh Mehta
197966,Varun Kulkarni
197967,Varun Agarwal
197968,Varun Kulkarni
197969,Nikita Nair
197970,Aarav Choudhary
197971,Anjali Bansal
197972,Nikita Verma
197973,David Machado
197974,Nikita Mehta
197975,Rohit Patel
197976,Sanjay Reddy
197977,Meera Bhatt
197978,Daniel Machado
197979,Lucas Noronha
197980,Kiran Bansal
197981,Priya Reddy
197982,Nikita Iyer
197983,Michael Noronha
197984,Teresa Rodrigues
197985,Priya Mehta
197986,Amit Ghosh
197987,David Almeida
197988,Neha Iyer
197989,Thomas Sequeira
197990,Lucas Almeida
197991,Vikram Choudhary
197992,Stephen Coelho
197993,Francis Dias
197994,Pooja Trivedi
197995,Paul Lobo
197996,David Lobo
197997,Catherine D'Souza
197998,Sana Malik
197999,Neha Agarwal
198000,Neha Verma
198001,Stephen D'Souza
198002,Daniel Gomes
198003,Rahul Pandey
198004,Teresa Noronha
198005,Vikram Reddy
198006,John Castro
198007,Naseem Shaikh
198008,Priya Kulkarni
198009,Kavita Pandey
198010,Shabana Rehman
198011,Rahul Mehta
198012,Peter D'Souza
198013,Pooja Chopra
198014,Teresa Pereira
198015,Pooja Kulkarni
198016,Sneha Agarwal
198017,Lucas Menezes
198018,Christopher Dâ€™Mello
198019,Rajesh Agarwal
198020,Bilal Nawaz
198021,Nikita Iyer
198022,Anjali Ghosh
198023,Neha Choudhary
198024,Peter Noronha
198025,Farhan Siddiqui
198026,Simon Castro
198027,Rahul Iyer
198028,Rahul Agarwal
198029,Catherine Pereira
198030,Rajesh Sharma
198031,Peter D'Souza
198032,Peter Menezes
198033,Joseph Noronha
198034,Ramesh Ghosh
198035,Omar Kazmi
198036,Simon Fernandes
198037,Nikita Mehta
198038,Christopher Dâ€™Costa
198039,Meera Bansal
198040,Deepak Reddy
198041,Elizabeth D'Souza
198042,Francis D'Souza
198043,Kiran Chopra
198044,Peter Coelho
198045,Stephen Sequeira
198046,Catherine Fernandes
198047,Deepak Agarwal
198048,Kavita Patel
198049,Rohit Saxena
198050,Varun Desai
198051,Meera Reddy
198052,Catherine Almeida
198053,Rohit Bhatt
198054,Rahul Pandey
198055,Meera Patel
198056,Kavita Kulkarni
198057,Manish Pandey
198058,Rohit Joshi
198059,Daniel Dâ€™Mello
198060,Junaid Siddiqui
198061,John Dias
198062,Deepak Agarwal
198063,Aarav Kulkarni
198064,Vikram Chopra
198065,Imran Rehman
198066,Neha Pandey
198067,Sanjay Iyer
198068,Francis Pinto
198069,Imran Wahid
198070,Lucas Machado
198071,Ayesha Rehman
198072,Anne Gomes
198073,Rohit Saxena
198074,Rajesh Mehta
198075,Aarav Verma
198076,Meera Choudhary
198077,Priya Choudhary
198078,Joseph Sequeira
198079,Lucas Fernandes
198080,Priya Trivedi
198081,Thomas Fernandes
198082,Mary Monteiro
198083,Kiran Agarwal
198084,Thomas Sequeira
198085,Sanjay Ghosh
198086,Varun Choudhary
198087,Simon Almeida
198088,Sanjay Patel
198089,Rajesh Desai
198090,Meera Choudhary
198091,Paul Lobo
198092,Ayesha Mirza
198093,Sneha Bansal
198094,Varun Pandey
198095,Sneha Bansal
198096,Sneha Trivedi
198097,Zaid Tariq
198098,Joseph Noronha
198099,Teresa Noronha
198100,Rehan Shaikh
198101,John Rodrigues
198102,Joseph Monteiro
198103,Joseph Pinto
198104,Stephen Noronha
198105,Peter Fernandes
198106,Peter Rodrigues
198107,Vikram Sharma
198108,Christopher Dâ€™Costa
198109,Catherine Dâ€™Mello
198110,Meera Malhotra
198111,Kavita Reddy
198112,Manish Choudhary
198113,Anthony Pinto
198114,Neha Choudhary
198115,Meera Malhotra
198116,Vikram Agarwal
198117,Pooja Ghosh
198118,Margaret Coelho
198119,Rahul Kulkarni
198120,Christopher Castro
198121,Anthony Fernandes
198122,John Noronha
198123,Manish Joshi
198124,Neha Nair
198125,John Castro
198126,Sanjay Chopra
198127,Paul Sequeira
198128,Vikram Chopra
198129,Zara Rehman
198130,Rohit Reddy
198131,Imran Chaudhry
198132,Rohit Bansal
198133,Meera Chopra
198134,Francis Dâ€™Mello
198135,Paul D'Souza
198136,Lucas Machado
198137,Mary Castro
198138,Margaret Lobo
198139,Margaret Menezes
198140,Anne Fernandes
198141,Peter Lobo
198142,Sneha Reddy
198143,Meera Bhatt
198144,Mary Dâ€™Mello
198145,Deepak Agarwal
198146,Thomas Carvalho
198147,Michael Pinto
198148,Aarav Malhotra
198149,Junaid Shaikh
198150,Aarav Reddy
198151,David Dâ€™Mello
198152,Anjali Pandey
198153,Lucas Dâ€™Costa
198154,Paul Gomes
198155,Rohit Joshi
198156,Rahul Saxena
198157,Elizabeth Fernandes
198158,Daniel Dâ€™Mello
198159,Paul Gomes
198160,David Carvalho
198161,Omar Hussain
198162,Daniel Pinto
198163,Daniel Machado
198164,Rahul Choudhary
198165,Varun Verma
198166,Deepak Desai
198167,Varun Reddy
198168,Paul Dias
198169,Anjali Ghosh
198170,Khalid Shaikh
198171,John Noronha
198172,Neha Ghosh
198173,Deepak Patel
198174,Priya Sharma
198175,Ramesh Chopra
198176,Yusuf Chaudhry
198177,Meera Malhotra
198178,Aarav Nair
198179,Priya Ghosh
198180,Sanjay Malhotra
198181,Simon Fernandes
198182,Rohit Reddy
198183,Rajesh Nair
198184,Peter Pereira
198185,Anjali Ghosh
198186,Sneha Nair
198187,Simon Rodrigues
198188,John Pinto
198189,Meera Mehta
198190,Priya Joshi
198191,Vikram Pandey
198192,Pooja Bansal
198193,Varun Kulkarni
198194,John Almeida
198195,Rehan Rehman
198196,Simon D'Souza
198197,Vikram Patel
198198,Anne Lobo
198199,Teresa Rodrigues
198200,Vikram Pandey
198201,Aarav Patel
198202,Anjali Bhatt
198203,Vikram Kulkarni
198204,Anthony Noronha
198205,Peter Fernandes
198206,Kavita Sharma
198207,Kiran Bansal
198208,Vikram Sharma
198209,Sameer Nawaz
198210,Sara Khan
198211,Kavita Mehta
198212,Pooja Bhatt
198213,Catherine Dias
198214,Anthony Coelho
198215,Stephen Machado
198216,Varun Malhotra
198217,Anjali Patel
198218,Sana Shaikh
198219,Naseem Gul
198220,Mary Monteiro
198221,Paul Pinto
198222,Paul Dâ€™Mello
198223,Simon Gomes
198224,Vikram Desai
198225,Meera Patel
198226,Pooja Desai
198227,Neha Iyer
198228,Rajesh Mehta
198229,Thomas Castro
198230,Manish Agarwal
198231,Margaret Dâ€™Costa
198232,Anthony Almeida
198233,Michael Menezes
198234,Anne D'Souza
198235,Pooja Sharma
198236,Mary Coelho
198237,Thomas Dias
198238,Kiran Nair
198239,Junaid Qureshi
198240,David Almeida
198241,Priya Trivedi
198242,Rohit Bansal
198243,Lucas Fernandes
198244,Priya Malhotra
198245,Rajesh Sharma
198246,Lucas Dias
198247,Anne Lobo
198248,Catherine Menezes
198249,Peter Machado
198250,Kiran Choudhary
198251,David Fernandes
198252,Varun Verma
198253,Varun Kulkarni
198254,Nikita Mehta
198255,Daniel Fernandes
198256,Elizabeth Menezes
198257,Rajesh Desai
198258,Stephen Machado
198259,Catherine Fernandes
198260,Sneha Patel
198261,Zara Mirza
198262,Sanjay Choudhary
198263,Rohit Desai
198264,Pooja Bhatt
198265,Elizabeth Lobo
198266,Mary Fernandes
198267,Deepak Sharma
198268,Neha Sharma
198269,Mary Almeida
198270,Stephen Pereira
198271,Meera Nair
198272,Meera Joshi
198273,Meera Patel
198274,Anjali Bhatt
198275,Rehan Syed
198276,Vikram Malhotra
198277,Amit Bhatt
198278,Michael Monteiro
198279,Pooja Desai
198280,Rajesh Bansal
198281,Margaret Lobo
198282,Aarav Bansal
198283,Sana Wahid
198284,Anthony Sequeira
198285,Peter Rodrigues
198286,Paul Almeida
198287,Elizabeth Dâ€™Mello
198288,Neha Trivedi
198289,Sanjay Sharma
198290,Nadia Baig
198291,Nikita Desai
198292,Rohit Malhotra
198293,Teresa Sequeira
198294,Anne Monteiro
198295,Simon Rodrigues
198296,Farhan Shaikh
198297,Thomas Carvalho
198298,Sanjay Kulkarni
198299,Sneha Iyer
198300,Kiran Bhatt
198301,Anjali Malhotra
198302,Priya Patel
198303,Michael Dias
198304,Teresa Machado
198305,Kiran Malhotra
198306,Sneha Iyer
198307,Meera Agarwal
198308,Joseph Noronha
198309,Meera Nair
198310,Thomas Dâ€™Costa
198311,Anjali Agarwal
198312,Simon Coelho
198313,Rajesh Patel
198314,Rajesh Mehta
198315,Michael Machado
198316,Kavita Pandey
198317,Imran Siddiqui
198318,Paul Castro
198319,Elizabeth Noronha
198320,Christopher D'Souza
198321,Michael Coelho
198322,Khalid Kazmi
198323,Daniel Noronha
198324,Rahul Trivedi
198325,Margaret Carvalho
198326,Pooja Kulkarni
198327,Christopher Dias
198328,Kiran Sharma
198329,Meera Mehta
198330,Christopher Rodrigues
198331,Kavita Ghosh
198332,Catherine Rodrigues
198333,Kavita Nair
198334,Amit Iyer
198335,Rahul Chopra
198336,Anjali Nair
198337,Sameer Kazmi
198338,Peter Noronha
198339,Catherine D'Souza
198340,Amit Patel
198341,Vikram Bansal
198342,Manish Joshi
198343,Amit Kulkarni
198344,Catherine Lobo
198345,Bilal Wahid
198346,Amit Choudhary
198347,Teresa Dâ€™Costa
198348,Mary Menezes
198349,Kiran Nair
198350,Teresa Gomes
198351,Thomas Rodrigues
198352,Meera Sharma
198353,Nikita Sharma
198354,Rohit Choudhary
198355,Sanjay Kulkarni
198356,Margaret Dâ€™Costa
198357,Anne Coelho
198358,David Dâ€™Costa
198359,David Almeida
198360,Imran Mirza
198361,Rehan Nawaz
198362,Margaret D'Souza
198363,Christopher Dâ€™Mello
198364,Anjali Reddy
198365,Rohit Bhatt
198366,Farhan Chaudhry
198367,Manish Nair
198368,Priya Verma
198369,Fatima Syed
198370,Khalid Nawaz
198371,Teresa Menezes
198372,Rohit Trivedi
198373,Aarav Agarwal
198374,Anne Dias
198375,Daniel Dâ€™Costa
198376,Pooja Reddy
198377,Simon Monteiro
198378,Sara Siddiqui
198379,Sneha Iyer
198380,Joseph Menezes
198381,Stephen Dâ€™Costa
198382,Sneha Reddy
198383,Elizabeth Sequeira
198384,Paul Dias
198385,Kavita Desai
198386,Rehan Mustafa
198387,Sneha Choudhary
198388,Neha Agarwal
198389,Fatima Malik
198390,Margaret Sequeira
198391,Anthony Castro
198392,Rajesh Trivedi
198393,Sanjay Sharma
198394,Michael Almeida
198395,Zara Khan
198396,Rohit Patel
198397,Anjali Reddy
198398,Elizabeth Menezes
198399,Kavita Joshi
198400,Pooja Sharma
198401,Sanjay Verma
198402,Varun Malhotra
198403,Nadia Baig
198404,Sanjay Choudhary
198405,Sanjay Desai
198406,Amit Bansal
198407,Priya Iyer
198408,Sanjay Chopra
198409,Rajesh Malhotra
198410,Paul Fernandes
198411,Manish Kulkarni
198412,Kavita Bhatt
198413,David Dâ€™Costa
198414,Ramesh Patel
198415,Sneha Ghosh
198416,Pooja Ghosh
198417,Sanjay Mehta
198418,Sara Gul
198419,Manish Iyer
198420,Kavita Joshi
198421,Kavita Trivedi
198422,Aarav Reddy
198423,Rohit Reddy
198424,Pooja Patel
198425,Aarav Bhatt
198426,Stephen Machado
198427,Christopher Pereira
198428,Priya Pandey
198429,Meera Ghosh
198430,Ramesh Desai
198431,Priya Mehta
198432,Rajesh Iyer
198433,Meera Verma
198434,Sneha Patel
198435,Anthony Gomes
198436,Rahul Reddy
198437,Joseph Fernandes
198438,Rahul Patel
198439,Daniel Castro
198440,Nikita Nair
198441,Vikram Chopra
198442,David Monteiro
198443,Elizabeth Pereira
198444,Rohit Choudhary
198445,Nikita Bansal
198446,Anjali Joshi
198447,John Fernandes
198448,Anjali Desai
198449,Mary Fernandes
198450,Zara Gul
198451,Anne Pereira
198452,David Fernandes
198453,David Castro
198454,Ramesh Chopra
198455,Sanjay Bansal
198456,Priya Mehta
198457,Sanjay Trivedi
198458,Anjali Desai
198459,Thomas Castro
198460,Rohit Bhatt
198461,Ayesha Mirza
198462,Anjali Pandey
198463,Michael Pereira
198464,Fatima Tariq
198465,Imran Malik
198466,Neha Patel
198467,Ramesh Saxena
198468,Rahul Reddy
198469,Anjali Malhotra
198470,Christopher Almeida
198471,Lucas Dias
198472,Mary Lobo
198473,Varun Sharma
198474,Manish Choudhary
198475,Joseph Rodrigues
198476,Junaid Chaudhry
198477,Francis Dâ€™Costa
198478,David Lobo
198479,Sanjay Patel
198480,Sana Shan
198481,Sanjay Chopra
198482,Amit Malhotra
198483,Neha Choudhary
198484,Teresa Lobo
198485,David Gomes
198486,Lucas Menezes
198487,Meera Saxena
198488,Vikram Trivedi
198489,David Carvalho
198490,Deepak Bhatt
198491,John Rodrigues
198492,Neha Malhotra
198493,Sameer Gul
198494,Kiran Bansal
198495,Khalid Mirza
198496,Francis Fernandes
198497,Peter Noronha
198498,Mary Pereira
198499,Manish Choudhary
198500,Michael Dias
198501,Aarav Sharma
198502,Anjali Malhotra
198503,Elizabeth Fernandes
198504,David Carvalho
198505,Varun Reddy
198506,Anjali Pandey
198507,Anthony Castro
198508,Sanjay Joshi
198509,Stephen Dâ€™Mello
198510,Varun Ghosh
198511,John Machado
198512,Lucas Almeida
198513,Peter Dias
198514,Peter Fernandes
198515,Sneha Patel
198516,Rahul Mehta
198517,Catherine Rodrigues
198518,Simon Carvalho
198519,Catherine Machado
198520,Catherine Machado
198521,Kiran Agarwal
198522,Elizabeth Pinto
198523,Rahul Trivedi
198524,Varun Iyer
198525,Stephen Carvalho
198526,John Dias
198527,Pooja Verma
198528,Catherine Dâ€™Mello
198529,Michael Menezes
198530,Rashid Baig
198531,David Gomes
198532,Christopher D'Souza
198533,Catherine Noronha
198534,Anne Pereira
198535,Daniel Lobo
198536,Rohit Malhotra
198537,Nikita Patel
198538,Thomas Fernandes
198539,Amit Verma
198540,Teresa Noronha
198541,Nikita Nair
198542,Catherine Dâ€™Costa
198543,Rohit Ghosh
198544,Thomas Monteiro
198545,Mary Fernandes
198546,David Monteiro
198547,Vikram Bhatt
198548,Margaret D'Souza
198549,Teresa Pinto
198550,Manish Bhatt
198551,Sanjay Saxena
198552,Manish Trivedi
198553,Rahul Chopra
198554,Manish Kulkarni
198555,Catherine Dâ€™Costa
198556,Francis Noronha
198557,Rehan Baig
198558,Ramesh Malhotra
198559,Manish Iyer
198560,Vikram Saxena
198561,Peter D'Souza
198562,Neha Trivedi
198563,Anne Lobo
198564,Amit Verma
198565,Joseph Dâ€™Costa
198566,Bilal Baig
198567,Neha Desai
198568,Amit Trivedi
198569,Nikita Chopra
198570,Rajesh Kulkarni
198571,Amit Malhotra
198572,Manish Ghosh
198573,Simon Coelho
198574,Margaret Coelho
198575,Rohit Saxena
198576,Deepak Saxena
198577,Joseph Dâ€™Mello
198578,Aarav Trivedi
198579,Meera Verma
198580,Varun Saxena
198581,Varun Reddy
198582,Sanjay Bansal
198583,Nadia Hussain
198584,Joseph Dias
198585,Kavita Pandey
198586,Joseph Lobo
198587,Sana Nawaz
198588,Rahul Bhatt
198589,Neha Iyer
198590,Sanjay Sharma
198591,Joseph Rodrigues
198592,Meera Agarwal
198593,Daniel Dias
198594,Amit Bhatt
198595,Kavita Kulkarni
198596,Catherine Fernandes
198597,Nadia Syed
198598,Lucas Sequeira
198599,Simon Castro
198600,Paul Sequeira
198601,Rohit Desai
198602,Michael Pinto
198603,Simon Monteiro
198604,Rajesh Chopra
198605,Teresa Monteiro
198606,Mary Castro
198607,Ayesha Qureshi
198608,Nikita Kulkarni
198609,Anjali Kulkarni
198610,Christopher Sequeira
198611,Simon Coelho
198612,Anne Lobo
198613,Rohit Kulkarni
198614,Margaret Sequeira
198615,Kavita Patel
198616,Khalid Wahid
198617,David Pereira
198618,Anjali Iyer
198619,Deepak Malhotra
198620,Manish Saxena
198621,Margaret Fernandes
198622,Peter Monteiro
198623,Kavita Kulkarni
198624,Anjali Desai
198625,Varun Ghosh
198626,Meera Patel
198627,Anthony Carvalho
198628,Peter Noronha
198629,Peter Sequeira
198630,Shabana Ansari
198631,Farhan Khan
198632,Ramesh Pandey
198633,Deepak Agarwal
198634,Margaret Noronha
198635,Mary Menezes
198636,Neha Iyer
198637,Kiran Desai
198638,Imran Wahid
198639,Kavita Iyer
198640,Zaid Kazmi
198641,Kiran Saxena
198642,Omar Khan
198643,David Dâ€™Costa
198644,Joseph Pereira
198645,Daniel Fernandes
198646,Khalid Shaikh
198647,Naseem Hussain
198648,Stephen Almeida
198649,Anjali Ghosh
198650,Kavita Mehta
198651,Anne Fernandes
198652,Manish Trivedi
198653,Khalid Hussain
198654,Kiran Bhatt
198655,Vikram Ghosh
198656,Francis Carvalho
198657,Kiran Trivedi
198658,Manish Verma
198659,Anthony Gomes
198660,Pooja Malhotra
198661,Meera Saxena
198662,Manish Kulkarni
198663,Joseph Dias
198664,Pooja Iyer
198665,Simon Machado
198666,Margaret Gomes
198667,Teresa Sequeira
198668,Catherine Dias
198669,Catherine Gomes
198670,Paul Lobo
198671,Lucas D'Souza
198672,Mary Dâ€™Costa
198673,Neha Reddy
198674,Christopher Carvalho
198675,Sneha Kulkarni
198676,Daniel Almeida
198677,John Pereira
198678,Thomas Carvalho
198679,Nikita Bhatt
198680,Anne Noronha
198681,Mary Gomes
198682,Peter Sequeira
198683,Stephen Rodrigues
198684,Pooja Malhotra
198685,Anne Noronha
198686,Francis Lobo
198687,Rajesh Reddy
198688,Paul Menezes
198689,Kavita Nair
198690,Neha Reddy
198691,Shabana Chaudhry
198692,Anne Machado
198693,Nikita Pandey
198694,Daniel Menezes
198695,Amit Pandey
198696,Farhan Shaikh
198697,Lucas Dâ€™Mello
198698,Vikram Kulkarni
198699,Anne Almeida
198700,Peter Dias
198701,Joseph Fernandes
198702,Sneha Saxena
198703,Vikram Patel
198704,Manish Pandey
198705,Rahul Saxena
198706,Simon Pereira
198707,Varun Mehta
198708,Rahul Desai
198709,Rajesh Sharma
198710,Anthony Menezes
198711,Meera Saxena
198712,Anthony Noronha
198713,Mary Menezes
198714,Joseph Fernandes
198715,Varun Ghosh
198716,Mary Noronha
198717,Yusuf Rehman
198718,Sanjay Saxena
198719,Mary Machado
198720,Francis Pereira
198721,Sneha Patel
198722,Nikita Saxena
198723,Aarav Bhatt
198724,Rohit Saxena
198725,Vikram Saxena
198726,Deepak Saxena
198727,Ramesh Agarwal
198728,Anne Coelho
198729,Simon Castro
198730,Christopher Pinto
198731,Amit Joshi
198732,Anne Fernandes
198733,Stephen Menezes
198734,Varun Ghosh
198735,Vikram Reddy
198736,Kavita Malhotra
198737,Elizabeth Pereira
198738,Lucas Pinto
198739,Deepak Verma
198740,Francis Dias
198741,Deepak Iyer
198742,Meera Ghosh
198743,Sana Baig
198744,Lucas Sequeira
198745,Vikram Kulkarni
198746,Teresa Machado
198747,Anne Carvalho
198748,Sneha Sharma
198749,Manish Agarwal
198750,Rashid Malik
198751,Christopher Dias
198752,Rahul Choudhary
198753,Catherine Almeida
198754,Anne Carvalho
198755,Lucas Almeida
198756,Ramesh Verma
198757,Fatima Gul
198758,Anne Sequeira
198759,Anthony Coelho
198760,Deepak Agarwal
198761,Simon Fernandes
198762,Rahul Patel
198763,Stephen Machado
198764,Rahul Patel
198765,Anthony Castro
198766,Junaid Ansari
198767,Rohit Mehta
198768,Rajesh Joshi
198769,Vikram Malhotra
198770,Anjali Verma
198771,Mary Fernandes
198772,Stephen Dias
198773,Deepak Saxena
198774,Imran Khan
198775,Rashid Chaudhry
198776,Rajesh Agarwal
198777,Ramesh Nair
198778,David Menezes
198779,Aarav Joshi
198780,Rajesh Joshi
198781,Deepak Desai
198782,Aarav Bansal
198783,Stephen Rodrigues
198784,Stephen Machado
198785,Francis Sequeira
198786,Rahul Sharma
198787,David Pereira
198788,Catherine Almeida
198789,Rajesh Ghosh
198790,Kiran Malhotra
198791,Pooja Mehta
198792,Thomas Carvalho
198793,Simon Pinto
198794,Thomas Dâ€™Costa
198795,Christopher Pereira
198796,Stephen Fernandes
198797,Teresa Fernandes
198798,Omar Kazmi
198799,Bilal Rehman
198800,Neha Reddy
198801,Ayesha Syed
198802,Ayesha Gul
198803,Anne Dâ€™Mello
198804,Pooja Verma
198805,Sanjay Malhotra
198806,Mary Sequeira
198807,Daniel Pinto
198808,Junaid Tariq
198809,Ramesh Malhotra
198810,Francis Carvalho
198811,Meera Bansal
198812,Ramesh Bhatt
198813,Neha Joshi
198814,Varun Bansal
198815,Ramesh Mehta
198816,Kavita Bhatt
198817,Pooja Bhatt
198818,Thomas D'Souza
198819,Sanjay Pandey
198820,Sameer Wahid
198821,Rahul Trivedi
198822,Sameer Shaikh
198823,Meera Iyer
198824,Vikram Verma
198825,Amit Reddy
198826,Neha Mehta
198827,Meera Sharma
198828,Elizabeth Fernandes
198829,Stephen Menezes
198830,Paul Carvalho
198831,Rajesh Bansal
198832,Kavita Choudhary
198833,Michael Pinto
198834,Christopher Dias
198835,Sneha Trivedi
198836,Manish Joshi
198837,Paul Carvalho
198838,Elizabeth Dâ€™Mello
198839,Rahul Bhatt
198840,Francis Gomes
198841,Meera Saxena
198842,Manish Iyer
198843,Pooja Chopra
198844,Mary Noronha
198845,Peter Menezes
198846,Deepak Bhatt
198847,Sanjay Nair
198848,Francis Monteiro
198849,Kavita Sharma
198850,Kavita Saxena
198851,Sanjay Mehta
198852,Pooja Pandey
198853,Priya Joshi
198854,Kavita Kulkarni
198855,Zara Kazmi
198856,Junaid Kazmi
198857,Michael Menezes
198858,Sanjay Sharma
198859,Manish Trivedi
198860,Neha Saxena
198861,David Menezes
198862,Rohit Sharma
198863,Meera Mehta
198864,Anjali Reddy
198865,Rajesh Malhotra
198866,Amit Iyer
198867,Sanjay Nair
198868,Joseph Pereira
198869,Zara Shan
198870,Neha Joshi
198871,Aarav Bhatt
198872,Rohit Patel
198873,David Pinto
198874,Meera Pandey
198875,Yusuf Qureshi
198876,Daniel Dâ€™Mello
198877,Deepak Joshi
198878,David Rodrigues
198879,Omar Siddiqui
198880,Nikita Desai
198881,Margaret Almeida
