"pid,ECategory,Hobby,Hobby_level"
"197882,sports,karate ,national"
"197883,sports,football,school"
"197884,hobbies,reading books,school"
"197885,cultural,mono-act play,school"
"197886,hobbies,""reading, singing"",school"
"197887,sports,""reading, singing"",national"
"197888,games,""reading, singing"",national"
"197889,cultural,""reading, singing"",national"
"197890,hobbies,""reading, singing"",national"
"197891,others,s,national"
"197892,games,""table tennis,p.s"",school"
"197893,sports,""shot-put,discuss-throw and javelin throw"",state"
"197894,games,""volleyball,throw-ball"",district"
"197895,sports,cricket,district"
"197896,games,kho  kho,school"
"197897,sports,marathon,national"
"197898,games,cricket,district"
"197899,hobbies,""swimming, cycling, running, fishing,etc."",state"
"197900,sports,tennis,state"
"197901,games,football,school"
"197902,cultural,drama,school"
"197903,hobbies,piano (grade 8),national"
"197904,cultural,""drama,speech"",district"
"197905,hobbies,drawing,school"
"197906,sports,""cricket,volleyball,football"",school"
"197907,hobbies,""cricket,swimming"",school"
"197908,sports,kho-kho,state"
"197909,games,chess,school"
"197910,hobbies,singing,state"
"197911,hobbies,""music,reading books, movies"",school"
"197912,sports,cricket,school"
"197913,hobbies,""music,gaming,reading"",school"
"197914,sports,running,school"
"197915,games,kho kho,school"
"197916,cultural,dance,school"
"197917,hobbies,""reading , listening romantic songs"",school"
"197918,others,painting craft works,school"
"197919,sports,throw ball championship,school"
"197920,cultural,writing,school"
"197921,hobbies,writing,school"
"197922,others,publised my poem in school magazine,school"
"197923,cultural,drama ,school"
"197924,sports,volleyball and cricket,school"
"197925,hobbies,dancing and singing,school"
"197926,others,like to read book and passionatea about computer program and electronic devices,school"
"197927,sports,no,school"
"197928,games,badminton,school"
"197929,cultural,no,school"
"197930,hobbies,card making;drawing,school"
"197931,others,no,school"
"197932,sports,running race,school"
"197933,games,quiz,school"
"197934,cultural,dancing,school"
"197935,hobbies,""drawing,programming,reading,dancing"",school"
"197936,sports,cricket,school"
"197937,games,chess ,school"
"197938,cultural,traditional  day,school"
"197939,cultural,""dance, singing and drama"",school"
"197940,sports,cricket,school"
"197941,hobbies,maramari,national"
"197942,sports, winner in intra college competition in volley ball,school"
"197943,games, ,school"
"197944,hobbies,""gardening, competitive coding "",school"
"197945,others,""trophy for mathematics,gold medal in nstse"",national"
"197946,cultural,music,state"
"197947,sports,hockey,school"
"197948,games,table tennis,school"
"197949,cultural,scouting,state"
"197950,hobbies,reading,school"
"197951,others,elocution,school"
"197952,sports,football,school"
"197953,cultural,lazim,school"
"197954,others,scout and guides,school"
"197955,sports,swimming,school"
"197956,games,karate and badminton,school"
"197957,cultural,scout and guide commander,district"
"197958,hobbies,""coin collection,cosmology and mythology"",school"
"197959,sports,""table tennis, 2nd place"",school"
"197960,sports,basketball,school"
"197961,cultural,singing,school"
"197962,games,football ,district"
"197963,hobbies,e-sports,school"
"197964,sports,no,school"
"197965,games,no,school"
"197966,cultural,no,school"
"197967,hobbies,reading ,school"
"197968,sports,badminton ,school"
"197969,cultural,passes elementary grade exam,state"
"197970,hobbies,handwriting stylist,school"
"197971,sports,football match - 2nd prize,school"
"197972,cultural,rangoli competition - 2nd prizerangat rang pot painting - 1st prize,school"
"197973,hobbies,elementary drawing grade exam - a gradeintermediate drawing grade exam - a grade,state"
"197974,others,received higher secondary school scholarship,district"
"197975,others,received higher secondary school scholarship,district"
"197976,others,received higher secondary school scholarship,district"
"197977,sports,no,school"
"197978,games,no,school"
"197979,hobbies,drawing,school"
"197980,others,received higher secondary school scholarship,district"
"197981,sports,""football, volleyball"",school"
"197982,cultural,""keen participation """"brahmostav"""" - college fest "",school"
"197983,hobbies,""pets (fish keeping), "",school"
"197984,others,3 prize  in project ,school"
"197985,games,maharashtra softball chamionship,state"
"197986,hobbies,chess,school"
"197987,cultural,singing,school"
"197988,cultural,singing,school"
"197989,sports,""football,volleyball"",school"
"197990,cultural,keen participant in bharamotsav at -tvm colege,school"
"197991,hobbies,pet (fish keeping),school"
"197992,sports,football,school"
"197993,hobbies,badminton ,school"
"197994,hobbies,""mountaineering course from atal bihari bajpeyi institute, himachal pradesh"",national"
"197995,others,certified by bhonsala military school,state"
"197996,games,throw ball,school"
"197997,cultural,""dance, elocution, drama "",school"
"197998,hobbies,""collecting currency of different countries, dance"",national"
"197999,sports,karate,school"
"198000,cultural,all india dance and drama competition,national"
"198001,cultural,dance competition,school"
"198002,cultural,dance ,school"
"198003,others,received higher secondary school scholarship,district"
"198004,hobbies,""dancing ,travelling"",school"
"198005,cultural,""first in school cultural fest for singing and dancing 2016-17, 2nd inter school salad making competition"",school"
"198006,hobbies,""reading, singing, cooking, research"",school"
"198007,others,3rd prize in math quiz,school"
"198008,sports,chess,school"
"198009,hobbies,elocution,school"
"198010,sports,1)awarded 2nd place in kho-kho inter house competition2)awarded second prize in football in interhouse competition,school"
"198011,cultural,won certificate of excellence with  first place for elocution in hindi ,school"
"198012,hobbies,""playing badminton and cricket, reading sports"",school"
"198013,sports,throwball,district"
"198014,sports,table tennis,school"
"198015,hobbies,programming,school"
"198016,sports,wushu kickboxing,state"
"198017,hobbies,martial arts ,state"
"198018,hobbies,elementary and intermediate,school"
"198019,sports,hockey,school"
"198020,cultural,singing,state"
"198021,sports,judo,state"
"198022,games,volleyball,district"
"198023,cultural,kathak,district"
"198024,hobbies,""keyboard, london trinity"",national"
"198025,sports,karate,state"
"198026,games,""racing,"",school"
"198027,hobbies,""cricket,"",school"
"198028,cultural,""drawing, elocution competition, quiz contest, essay writing competition"",school"
"198029,others,""fancy dress competition, "",district"
"198030,cultural,singing,school"
"198031,others,gk olympiad ,state"
"198032,sports,nil,school"
"198033,games,nil,school"
"198034,cultural,nil,school"
"198035,hobbies,nil,school"
"198036,others,nil,school"
"198037,sports,shot put,school"
"198038,sports,shot put,school"
"198039,hobbies,""reading, badminton, lawn tennis"",school"
"198040,hobbies,""reading, badminton, lawn tennis"",school"
"198041,sports,basketball,state"
"198042,sports,basketball,district"
"198043,sports,throw ball,school"
"198044,hobbies,dancing,school"
"198045,sports,footbal,school"
"198046,sports,track events,school"
"198047,games,cricket,district"
"198048,sports,no,school"
"198049,games,no,school"
"198050,cultural,no,school"
"198051,hobbies,dreawing dancing singing,school"
"198052,others,no,school"
"198053,sports,football,school"
"198054,sports,selected for badminton at inter college level ,school"
"198055,games,was a part of throw ball team at school level,school"
"198056,cultural,""music- got selected in singing competition and won the 1st prize at the district ,state level. went to haridwar for the national level representing and maharashtra state.reached 5th level in hindustani classical music from akhil bharatiya gandharva vidhyalaya, mumbaibharata natyam - reached 5th level from akhil bharatiya gandharva vidhyalaya, mumbai"",national"
"198057,hobbies,playing badminton,school"
"198058,hobbies,dance  drawing,school"
"198059,sports,cricket,district"
"198060,games,cricket,district"
"198061,hobbies,reading,school"
"198062,cultural,""dance, boogie woogie 2000 winner ( sony tv) mini superstar winner (dd metro)"",school"
"198063,sports,throw ball,district"
"198064,games,foot ball,district"
"198065,cultural,scout and guide,district"
"198066,hobbies,""music, dancing"",school"
"198067,sports,karate - black belt 1 strip,school"
"198068,cultural,elementary intermediate,school"
"198069,cultural,elementary drawing examination,state"
"198070,sports,throw ball,school"
"198071,games,100 meter running,school"
"198072,others,head girl,school"
"198073,sports,-,school"
"198074,games,-,school"
"198075,cultural,-,school"
"198076,hobbies,art and craft,school"
"198077,others,-,school"
"198078,cultural,""carol singing, dancing"",school"
"198079,hobbies,drawing,school"
"198080,others,tree plantation,school"
"198081,sports,karate,school"
"198082,games,karate,school"
"198083,cultural,""instrumental competition, patriotic singing competition, carol singing competition"",school"
"198084,hobbies,""playing the guitar, group singing,"",school"
"198085,others,""playing the guitar, group singing,"",school"
"198086,cultural,""carol singing, dancing, "",school"
"198087,hobbies,drawing,school"
"198088,others,""tree plantation, swachh bharat abhiyan"",school"
"198089,sports,throwball,school"
"198090,sports,football,district"
"198091,hobbies,""sports, music, drawing and arts"",school"
"198092,sports,football,school"
"198093,cultural,drama,school"
"198094,hobbies,music,school"
"198095,sports,football,district"
"198096,hobbies,drawing,school"
"198097,hobbies,reading,school"
"198098,others,i have 2 years of exp zerebral it solution pvt ltd,national"
"198099,hobbies,singing,school"
"198100,others,keyboard,school"
"198101,sports,relay,school"
"198102,games,relay,school"
"198103,cultural,dance,school"
"198104,hobbies,dance,school"
"198105,others,""homi bhabha, c.v. raman"",district"
"198106,sports,wushu,state"
"198107,games,kungfu,state"
"198108,hobbies,kungfu,state"
"198109,sports,hockey,school"
"198110,cultural,bharathnatyam,district"
"198111,hobbies,""dancing,acting,cooking"",school"
"198112,sports,hockey,school"
"198113,cultural,bharathnatyam,district"
"198114,hobbies,""dancing,acting,cooking"",school"
"198115,sports,hockey,school"
"198116,cultural,bharathnatyam,district"
"198117,hobbies,""dancing,acting,cooking"",school"
"198118,cultural,""won elocution competition inter school, head girl of the school "",school"
"198119,others,""dr. homi bhabha balvaidnyanik competition, sir c.v.raman science talent exam"",district"
"198120,sports,throwball athletics ,district"
"198121,games,chess,school"
"198122,hobbies,guitar,school"
"198123,others,world scholars cup,state"
"198124,games,chess,school"
"198125,hobbies,guitar,school"
"198126,others,world scholars cup,state"
"198127,games,chess,school"
"198128,hobbies,pianoforte,school"
"198129,games,chess,school"
"198130,hobbies,pianoforte,school"
"198131,sports,""basketball, athletics  "",school"
"198132,cultural,""dance (indian and western), music (instrumental-upto grade 3 trinity college exam, singing), drawing (alimentary), speech and drama (trinity college grade exam-grade 5)"",school"
"198133,hobbies,programming,national"
"198134,hobbies,programming,national"
"198135,games,chess,school"
"198136,hobbies,pianoforte,school"
"198137,hobbies,reading books,school"
"198138,hobbies,reading books,school"
"198139,hobbies,reading books,school"
"198140,hobbies,reading books,school"
"198141,sports,none,school"
"198142,games,none,school"
"198143,cultural,none,school"
"198144,hobbies,reading books,school"
"198145,others,none,school"
"198146,sports,none,school"
"198147,games,none,school"
"198148,cultural,none,school"
"198149,hobbies,reading books,school"
"198150,others,none,school"
"198151,sports,2nd in 4*100 mts relay,school"
"198152,hobbies,english eassy competition (3rd place),school"
"198153,cultural,piano,school"
"198154,others,elocution competiton and other activities in school,school"
"198155,others,elocution competiton and other activities in school,school"
"198156,others,elocution competiton and other activities in school,school"
"198157,sports,player in the winning team in a school level football tournament,school"
"198158,games,football,school"
"198159,sports,""basketball,handball, football"",school"
"198160,hobbies,""basketball,handball, football"",district"
"198161,sports,basketballhandball football,district"
"198162,hobbies,taikwando-yellow belt,district"
"198163,sports,""relay,drill race,shot put"",school"
"198164,games,kho-kho,school"
"198165,cultural,""dance,singing"",school"
"198166,hobbies,sketching,school"
"198167,others,elementary and intermediate ,school"
"198168,others,""middleschool scholarship , highschool scholarship"",state"
"198169,sports,badminton,district"
"198170,hobbies,reading books,school"
"198171,sports,volleyball,school"
"198172,hobbies,""drawing""""a"""" grade in intermediate drawing examination"",state"
"198173,sports,football,school"
"198174,games,chess,school"
"198175,hobbies,card making,school"
"198176,games,card making,school"
"198177,hobbies,card making,school"
"198178,sports,football,district"
"198179,games,draughts,school"
"198180,hobbies,currency collection,school"
"198181,games,draughts,school"
"198182,hobbies,currency collection,school"
"198183,games,draughts,school"
"198184,hobbies,currency collection,school"
"198185,sports,throwball,district"
"198186,sports,""basketball, football, cricket"",school"
"198187,games,tug of war,school"
"198188,cultural,western group dance,school"
"198189,sports,wushu / kickboxing ,state"
"198190,games,wushu / kickboxing,state"
"198191,hobbies,martial arts (kung fu),state"
"198192,hobbies,""music,playing keyboard instrument,cricket."",school"
"198193,cultural,mun(mock united nations),school"
"198194,sports,mun(mock united nations),district"
"198195,others,essay writing,school"
"198196,hobbies,singing ,school"
"198197,others,science exhibitions,school"
"198198,cultural,mun(mock united nations),school"
"198199,sports,silver medal in kabbadi,school"
"198200,cultural,science exhibition(regional level),school"
"198201,sports,footbal,district"
"198202,sports,cricket volleyball,school"
"198203,cultural,participated in cultural programs in school,school"
"198204,hobbies,""reading, cycling, playing musical instrument"",school"
"198205,hobbies,drawing(intermrediate),state"
"198206,sports,football,school"
"198207,cultural,musician,school"
"198208,hobbies,drawing(intermrediate),state"
"198209,sports,badminton,school"
"198210,cultural,""music, drama, social work for interact club"",school"
"198211,hobbies,""badminton, music, art"",school"
"198212,sports,football,district"
"198213,sports,running ,school"
"198214,games,none,school"
"198215,cultural,none,school"
"198216,hobbies,none,school"
"198217,others,none,school"
"198218,cultural,dance drama ,school"
"198219,hobbies,reading drawing and art,school"
"198220,sports,running ,school"
"198221,games,none,school"
"198222,cultural,none,school"
"198223,hobbies,none,school"
"198224,others,none,school"
"198225,sports,played inter school cricket match(under 12),school"
"198226,games,--,school"
"198227,cultural,--,school"
"198228,hobbies,--,school"
"198229,others,--,school"
"198230,games,2nd rank in techfest organised in college,school"
"198231,others,came in the merit list of middle school scholarship examination and higher school scholarship examination.,state"
"198232,sports,none,school"
"198233,games,none,school"
"198234,cultural,none,school"
"198235,hobbies,none,school"
"198236,others,none,school"
"198237,sports,chess,district"
"198238,sports,football,school"
"198239,games,cricket,district"
"198240,others,national environment talent search exam (netse) third prize,national"
"198241,others,""middleschool scolarship,highschool scholarship"",state"
"198242,sports,""cricket,long jump"",school"
"198243,sports,gymnastics and rope malkhamb,district"
"198244,hobbies,drawing and painting,school"
"198245,sports,athletics,school"
"198246,others,115 rank in ipm,national"
"198247,sports,athletics,school"
"198248,hobbies,group dance at vasai kalakrida,district"
"198249,others,115 rank in ipm,national"
"198250,sports,athletics,school"
"198251,hobbies,group dance at vasai kalakrida,district"
"198252,others,115 rank in ipm,national"
"198253,sports,athletics,school"
"198254,hobbies,group dance at vasai kalakrida,district"
"198255,others,115 rank in ipm,national"
"198256,sports,1st price in cricket tournamentsilver medal in long jump,school"
"198257,cultural,hind classical music,school"
"198258,hobbies,""badminton, throwball, swimming"",school"
"198259,sports,kabaddi,school"
"198260,games,cricket,school"
"198261,games,cricket,school"
"198262,games,cricket,school"
"198263,games,cricket,school"
"198264,games,cricket,school"
"198265,games,cricket,school"
"198266,games,cricket,school"
"198267,games,cricket,school"
"198268,games,cricket,school"
"198269,cultural,drama,school"
"198270,sports,football,school"
"198271,sports,football ,school"
"198272,games,8 ball pool,school"
"198273,cultural,no,school"
"198274,hobbies,playing games,school"
"198275,others,no,school"
"198276,games,cricket,school"
"198277,hobbies,reading books,school"
"198278,sports,cricket football,school"
"198279,games,chess,school"
"198280,hobbies,swimming,school"
"198281,sports,cricket football,school"
"198282,games,chess,school"
"198283,hobbies,swimming,school"
"198284,sports,football,school"
"198285,sports,karate ,school"
"198286,games,carrom,school"
"198287,hobbies,music,school"
"198288,cultural,singing,school"
"198289,sports,i got 2 medals and 3 trophy in cricket .i got 1 certificate in football tournament ,district"
"198290,games,""cricket, football, batminton "",school"
"198291,cultural,i got 1 certificate for drama series . ,school"
"198292,hobbies,i like to read books more specificly novels and thriller story . i like to play outdoor game ,school"
"198293,sports,""football, table tennis"",school"
"198294,games,football,school"
"198295,cultural,""drama, dance"",school"
"198296,hobbies,""football, swimming"",school"
"198297,sports,""football, table tennis"",school"
"198298,games,football,school"
"198299,cultural,""drama, dance"",school"
"198300,hobbies,""football, swimming"",school"
"198301,others,leadership training,school"
"198302,sports,""football, table tennis"",school"
"198303,games,football,school"
"198304,cultural,""drama, dance"",school"
"198305,hobbies,""football, swimming"",school"
"198306,others,leadership training,school"
"198307,sports,""football, table tennis"",school"
"198308,games,football,school"
"198309,cultural,""drama, dance"",school"
"198310,hobbies,""football, swimming"",school"
"198311,others,leadership training,school"
"198312,sports,""football, table tennis"",school"
"198313,games,football,school"
"198314,cultural,""drama, dance"",school"
"198315,hobbies,""football, swimming"",school"
"198316,others,leadership training,school"
"198317,sports,""football, table tennis"",school"
"198318,games,football,school"
"198319,cultural,""drama, dance"",school"
"198320,hobbies,""football, swimming"",school"
"198321,others,leadership training,school"
"198322,sports,""football, table tennis"",school"
"198323,games,football,school"
"198324,cultural,""drama, dance"",school"
"198325,hobbies,""football, swimming"",school"
"198326,others,leadership training,school"
"198327,sports,""football, table tennis"",school"
"198328,games,football,school"
"198329,cultural,""drama, dance"",school"
"198330,hobbies,""football, swimming"",school"
"198331,others,leadership training,school"
"198332,sports,""football, table tennis"",school"
"198333,games,football,school"
"198334,cultural,""drama, dance"",school"
"198335,hobbies,""football, swimming"",school"
"198336,others,leadership training,school"
"198337,sports,""football, table tennis"",school"
"198338,games,football,school"
"198339,cultural,""drama, dance"",school"
"198340,hobbies,""football, swimming"",school"
"198341,others,leadership training,school"
"198342,sports,football,school"
"198343,games,8 ball pool,school"
"198344,cultural,no,school"
"198345,hobbies,playing,school"
"198346,others,no,school"
"198347,hobbies,art,school"
"198348,sports,cricket,district"
"198349,hobbies,""dance, acting"",school"
"198350,sports,batminton,district"
"198351,cultural,""singing, dancing, dramatics"",school"
"198352,hobbies,""singing, dancing"",school"
"198353,sports,""singing, dancing"",school"
"198354,games,""singing, dancing"",school"
"198355,cultural,""singing, dancing"",school"
"198356,hobbies,""singing, dancing"",school"
"198357,others,""singing, dancing"",school"
"198358,sports,#NAME?,school"
"198359,games,quarterfinalists at cs:go esl india tournament.,national"
"198360,cultural,#NAME?,school"
"198361,hobbies,#error!,school"
"198362,sports,chess,school"
"198363,games,running,district"
"198364,hobbies,""chess,cricket"",school"
"198365,sports,athletics,school"
"198366,games,football,school"
"198367,cultural,elementary and intermediate drawing exam,state"
"198368,sports,played football for school,school"
"198369,hobbies,playing guitar.,school"
"198370,games,chess,school"
"198371,hobbies,""swimming, drawing"",school"
"198372,others,exploring mobile apps and other useful computer applications,school"
"198373,sports,cricket,school"
"198374,sports,cricket,school"
"198375,sports,three legged race,school"
"198376,sports,three legged race,school"
"198377,sports,karate,state"
"198378,games,football,school"
"198379,sports,cricket,school"
"198380,sports,karate,school"
"198381,hobbies,dance,school"
"198382,sports,volleyball,district"
"198383,cultural,""cookery, dance"",school"
"198384,sports,""cricket, badminton, swimming, running, throwball, basketball"",district"
"198385,hobbies,""music, coding, reading, fitness"",school"
"198386,hobbies,sketch making,school"
"198387,sports,football,school"
"198388,sports,football ,school"
"198389,sports,football,school"
"198390,cultural,won 2 medals in world scholars cup,national"
"198391,others,scholarships,state"
"198392,cultural,elementary and intermediate certificates,state"
"198393,sports,basketball,district"
"198394,cultural,annual day,school"
"198395,hobbies,dance,school"
"198396,others,elocution,school"
"198397,sports,basketball,district"
"198398,cultural,annual day,school"
"198399,hobbies,dance,school"
"198400,others,elocution,school"
"198401,sports,basketball,district"
"198402,cultural,annual day,school"
"198403,hobbies,dance,school"
"198404,others,elocution,school"
"198405,sports,basketball,district"
"198406,cultural,annual day,school"
"198407,hobbies,dance,school"
"198408,others,elocution,school"
"198409,games,football,school"
"198410,cultural,interschool science exhibition,district"
"198411,hobbies,singing,school"
"198412,games,good at badminton cricket kabaddi ,school"
"198413,hobbies,""like to read, play badminton, roller skating, sketching "",school"
"198414,sports,cricket,school"
"198415,games,carrom,school"
"198416,sports,cricket,district"
"198417,games,volly ball,school"
"198418,cultural,""drama, music"",school"
"198419,hobbies,""reading, watching moovies"",school"
"198420,sports,basketball,district"
"198421,cultural,dramatics,school"
"198422,hobbies,guitar,school"
"198423,sports,basketball,district"
"198424,cultural,dramatics,school"
"198425,hobbies,guitar,school"
"198426,sports,basketball,district"
"198427,cultural,dramatics,school"
"198428,hobbies,guitar,school"
"198429,sports,basketball,district"
"198430,cultural,dramatics,school"
"198431,hobbies,guitar,school"
"198432,sports,kabaddi,school"
"198433,sports,cricket,district"
"198434,sports,""circket,kabaddi,vollyball"",school"
"198435,hobbies,playing outdoorgame,school"
"198436,sports,kabaddi,school"
"198437,games,carrom,school"
"198438,cultural,""role play,dance"",school"
"198439,hobbies,""reading inspirational books,learning new technical things"",school"
"198440,sports,no,school"
"198441,games,no,school"
"198442,cultural,no,school"
"198443,hobbies,no,school"
"198444,others,no,school"
"198445,sports,cricket,school"
"198446,games,cricket,school"
"198447,cultural,drama,school"
"198448,hobbies,playing,school"
"198449,hobbies,drawing grade examinations,state"
"198450,hobbies,drawing grade examinations,state"
"198451,hobbies,drawing grade examinations,state"
"198452,sports,karate,district"
"198453,sports,basketball,school"
"198454,sports,short put- silver medal,school"
"198455,sports,football,school"
"198456,sports,cricket,school"
"198457,games,chess,school"
"198458,sports,cricket,school"
"198459,games,chess,school"
"198460,sports,football,district"
"198461,sports,cricket,school"
"198462,sports,silambam martialarts 3rd prize winner,national"
"198463,hobbies,drawing ,school"
"198464,others,art and craft,school"
"198465,games,chess,school"
"198466,sports,footballchess,district"
"198467,cultural,elocutiondrama,school"
"198468,hobbies,""languages like french, c  , java"",school"
"198469,others,dance,school"
"198470,games,athletic,school"
"198471,cultural,dance,school"
"198472,games,chess,school"
"198473,games,chess,school"
"198474,sports,volleyball,district"
"198475,games,chess,school"
"198476,sports,basketball,district"
"198477,sports,foot ball,school"
"198478,others,intermediate grade drawing examination-grade-a,state"
"198479,sports,basketball cricket,school"
"198480,sports,foot ball,school"
"198481,others,intermediate drawing examination,state"
"198482,sports,relay,school"
"198483,sports,football,school"
"198484,hobbies,painting,district"
"198485,others,scout and guide,school"
"198486,sports,badminton player,district"
"198487,cultural,dance,school"
"198488,hobbies,playing badminton and reading books,school"
"198489,sports,long jump,state"
"198490,hobbies,swimming ,school"
"198491,others,electrical engineering,school"
"198492,sports,""hurdles, race"",school"
"198493,hobbies,singing,state"
"198494,sports,""hurdles, race"",school"
"198495,hobbies,singing,state"
"198496,sports,football,district"
"198497,others,1st rank in debate competition,school"
"198498,others,1st rank in debate competition1st rank in quiz competition,school"
"198499,others,1st in debate competition1st in quiz competition,school"
"198500,sports,no,school"
"198501,games,no,school"
"198502,cultural,no,school"
"198503,hobbies,""reading,swimming, spirituals discources"",school"
"198504,others,no,school"
"198505,sports,""table tennis , carrom , footballl achievements"",school"
"198506,sports,football,school"
"198507,games,chess ,school"
"198508,cultural,elocution ,school"
"198509,hobbies,cricket ,school"
"198510,hobbies,""dancing,drawing"",school"
"198511,games,chess,school"
"198512,cultural,elocution,school"
"198513,sports,""cricket,football."",school"
"198514,hobbies,""piano,music production."",school"
"198515,sports,""football,karate"",district"
"198516,sports,football,school"
"198517,games,badmintton,school"
"198518,hobbies,guitar and music,school"
"198519,sports,""football,karate"",district"
"198520,sports,football,school"
"198521,games,athletics,school"
"198522,hobbies,football,school"
"198523,sports,football,school"
"198524,sports,football,school"
"198525,sports,football,school"
"198526,sports,""running,relay"",district"
"198527,hobbies,drawing,school"
"198528,sports,karate,state"
"198529,games,running,school"
"198530,sports,taekwondo,district"
"198531,games,cricket,school"
"198532,hobbies,playing cricket ,district"
"198533,hobbies,playing cricket ,school"
"198534,sports,hockey,school"
"198535,hobbies,dance,school"
"198536,sports,badminton,school"
"198537,sports,karate silver medalist in local levels,school"
"198538,games,played kabaddi at school levels,school"
"198539,hobbies,""drawing,football"",school"
"198540,sports,handball,district"
"198541,sports,cricket ,state"
"198542,hobbies,to help poor people,national"
"198543,games,chess,school"
"198544,cultural,dancing,school"
"198545,hobbies,singing,state"
"198546,others,mehendi,state"
"198547,sports,handball,district"
"198548,sports,handball,district"
"198549,games,chess,school"
"198550,cultural,dance,school"
"198551,hobbies,singing,district"
"198552,others,mehendi,district"
"198553,games,chess,school"
"198554,cultural,dance,school"
"198555,hobbies,singing,district"
"198556,others,mehendi,district"
"198557,games,chess,school"
"198558,cultural,dance,school"
"198559,hobbies,singing,district"
"198560,others,mehendi,district"
"198561,sports,district level qualified in boxing and swimming both,district"
"198562,hobbies,mixed martial arts,school"
"198563,sports,kho-kho,school"
"198564,cultural,katthak completed 6 exams,school"
"198565,hobbies,plays violin ,school"
"198566,hobbies,music,district"
"198567,sports,football,school"
"198568,sports,squash player,school"
"198569,cultural,tabla player,school"
"198570,hobbies,listening music,school"
"198571,sports,football,district"
"198572,sports,cricket,school"
"198573,games,no,school"
"198574,cultural,tabla,school"
"198575,hobbies,no,school"
"198576,others,no,school"
"198577,sports,soccer,school"
"198578,cultural,drumming ,school"
"198579,sports,cricket,school"
"198580,cultural,tabla,school"
"198581,sports,cricket,school"
"198582,cultural,tabla,school"
"198583,hobbies,""dancing,drawing"",school"
"198584,sports,football,school"
"198585,hobbies,games ,school"
"198586,sports,cricket,school"
"198587,games,carrom,school"
"198588,cultural,elocutiondramamonoact,district"
"198589,others,dance,school"
"198590,cultural,singing and dance and acting,school"
"198591,hobbies,""playing the guitar, ukulele and drums"",school"
"198592,hobbies,play guitar,school"
"198593,sports,cricket,school"
"198594,hobbies,drawing,school"
"198595,others,guitar,school"
"198596,sports,football,school"
"198597,hobbies,karate,school"
"198598,others,band,school"
"198599,others,band,school"
"198600,sports,cricket,school"
"198601,sports,""volleyball,handball "",state"
"198602,games,high jump,district"
"198603,cultural,science skit,school"
"198604,hobbies,""reading books,playing games"",school"
"198605,others,love computer science and coding,national"
"198606,sports,none,school"
"198607,games,none,school"
"198608,cultural,none,school"
"198609,hobbies,""listening songs, cycling "",school"
"198610,sports,football,school"
"198611,games,none,school"
"198612,cultural,none,school"
"198613,hobbies,none,school"
"198614,others,none,school"
"198615,sports,basketball,school"
"198616,cultural,dancing,school"
"198617,hobbies,drawing,school"
"198618,sports,t-20 cricket tournament hosted by n.l. dalmia high school ,school"
"198619,sports,hockey,district"
"198620,games,basketball,school"
"198621,cultural,singing,school"
"198622,hobbies,guitar,school"
"198623,others,-,school"
"198624,sports,carrom,school"
"198625,games,fencing ,district"
"198626,cultural,dance,school"
"198627,hobbies,dance,school"
"198628,others,painting ,school"
"198629,cultural,annual days,school"
"198630,hobbies,dancing,school"
"198631,sports,""throw ball,kabaddi"",school"
"198632,others,martial arts,district"
"198633,sports,football,school"
"198634,cultural,dancing,school"
"198635,cultural,dancing,school"
"198636,hobbies,""reading,watching movies,listening to music"",school"
"198637,sports,cricket,school"
"198638,games,cricket,school"
"198639,cultural,drama,school"
"198640,hobbies,reading,school"
"198641,others,abacus maths,state"
"198642,hobbies,""reading,"",school"
"198643,hobbies,singing,school"
"198644,sports,football,school"
"198645,games,snooker,school"
"198646,cultural,drama,school"
"198647,sports,""volleyball (participated in 10th standard), represented school team(navy children school)participated in volleyball summer camps conducted by the indian navy thrice(won twice for best performance u-16)"",school"
"198648,sports,no,school"
"198649,games,no,school"
"198650,cultural,no,school"
"198651,hobbies,no,school"
"198652,others,no,school"
"198653,cultural,bharat natyam,school"
"198654,hobbies,drawing and reading,school"
"198655,sports,no,school"
"198656,games,no,school"
"198657,cultural,no,school"
"198658,hobbies,swimming,school"
"198659,sports,table tennis sub junior boys quater finalists,district"
"198660,games,table tennis participation,state"
"198661,games,chess,school"
"198662,sports,basketball ,school"
"198663,sports,swimming,state"
"198664,games,chess,district"
"198665,sports,chess,school"
"198666,sports,carrom competition (singles),school"
"198667,games,chess competition,school"
"198668,hobbies,drawing and painting,school"
"198669,sports,volleyball,district"
"198670,games,volleyball,district"
"198671,cultural,social service,school"
"198672,hobbies,""playing volleyball,football,cricket,table tenis"",district"
"198673,sports,""playing volleyball,football,cricket,table tenis"",school"
"198674,games,""carrom competition (singles), chess competition"",school"
"198675,hobbies,""drawing, painting and sketching"",school"
"198676,sports,participated in running competition and cricket matches,school"
"198677,sports,kabaddi,school"
"198678,cultural,""dance,singing"",school"
"198679,hobbies,painting,school"
"198680,games,shot put,school"
"198681,hobbies,drawing,school"
"198682,sports,football,school"
"198683,cultural,dance,school"
"198684,sports,football,school"
"198685,cultural,dance,school"
"198686,sports,""volleyball, throwball"",district"
"198687,games,""volleyball,throwball"",district"
"198688,cultural,social service,school"
"198689,hobbies,""playing volleyball,football,throwball,handball,cricket,table tenis,carom"",school"
"198690,sports,""volleyball, throwball"",district"
"198691,games,""volleyball,throwball"",district"
"198692,cultural,social service,school"
"198693,hobbies,""playing volleyball,football,throwball,handball,cricket,table tenis,carom"",school"
"198694,others,paper presentation,state"
"198695,games,running ,school"
"198696,hobbies,drawing ,school"
"198697,games,running ,school"
"198698,hobbies,drawing ,school"
"198699,games,running ,school"
"198700,hobbies,drawing ,school"
"198701,sports,kabbadi,school"
"198702,hobbies,drawing,school"
"198703,sports,member of national scouts/ guides,national"
"198704,others,member of nss,school"
"198705,sports,member of national scouts/ guides,national"
"198706,others,member of nss,school"
"198707,sports,badminton player,state"
"198708,hobbies,speedcubing,national"
"198709,sports,badminton player,state"
"198710,hobbies,speedcubing,national"
"198711,sports,badminton player,state"
"198712,hobbies,speedcubing,national"
"198713,others,project competition,state"
"198714,sports,""skating, athletics, "",school"
"198715,hobbies,cricket,school"
"198716,sports,""skating, athletics, "",school"
"198717,hobbies,cricket,school"
"198718,sports,""skating, athletics, "",school"
"198719,hobbies,cricket,school"
"198720,sports,""skating, athletics, "",school"
"198721,hobbies,cricket,school"
"198722,hobbies,playng piano ,national"
"198723,others,singing,school"
"198724,sports,cricket,school"
"198725,hobbies,cricket ,school"
"198726,cultural,""music, guitar playing"",school"
"198727,sports,nil,school"
"198728,games,nil,school"
"198729,cultural,nil,school"
"198730,hobbies,nil,school"
"198731,others,nil,school"
"198732,hobbies,playing keyboard and guitar,school"
"198733,hobbies,arts,school"
"198734,others,garba,school"
"198735,sports,volley ball;cricket,school"
"198736,games,playing- chess,school"
"198737,hobbies,hobbies are playing- chess; volleyball;table tennis;cricket,school"
"198738,others,1st prize in technical quiz competition,state"
"198739,hobbies,""guitar,singing"",school"
"198740,cultural,""winner in paper presentation in pravin patil institute of technology,1st prize in paper presentation in vidyalankar institute of technology,winner in quiz in vasant dada patil institute of technology,winner in debate competition in babasaheb gawde institute of technology."",state"
"198741,hobbies,debate,school"
"198742,sports,football,school"
"198743,sports,football,school"
"198744,cultural,interschool dance competition ,school"
"198745,hobbies,intermediate grade drawing examination ,state"
"198746,sports,""cycling, kabaddi"",school"
"198747,games,""chess, carrom"",school"
"198748,hobbies,reading,school"
"198749,sports,thang-ta ,national"
"198750,games,taekwon-do,district"
"198751,cultural,thang-ta,national"
"198752,hobbies,cricket,state"
"198753,sports,bronze medal in 1st maharashtra state level karate championship 2007,state"
"198754,sports,district level football,district"
"198755,cultural,event organization,school"
"198756,others,organization of events and college festival ,school"
"198757,cultural,dance,school"
"198758,sports,basketball,district"
"198759,cultural,choir,school"
"198760,hobbies,""singing, music, reading"",school"
"198761,sports,""runnning, long jump, high jump, relay run"",school"
"198762,games,badminton,school"
"198763,cultural,singing and dancing,school"
"198764,hobbies,travelling,school"
"198765,sports,""kabbadi,kho_kho,running,high_jump,shot_put"",school"
"198766,games,relay,school"
"198767,others,paper-presentation,national"
"198768,sports,discuss throw 3rd prize two times,school"
"198769,others,certificate of merit in c  certificate of participation in nsc(national linux security),school"
"198770,sports,discuss throw 3rd prize two times,school"
"198771,others,certificate of merit in c  certificate of participation in nsc(national linux security),school"
"198772,cultural,winner of project competition in  bhausaheb vartak polytechnic,school"
"198773,hobbies,""i like to travel at different places,watching televisiongardening,reading"",school"
"198774,others,in yoga competition in bhausaheb vartak polytechnic,school"
"198775,others,paper-presentation,national"
"198776,sports,volleyball (school level as well as participation in district level),district"
"198777,cultural,science skit (nature club) ,district"
"198778,hobbies,""music, writing, and sports"",school"
"198779,hobbies,""singing, drawing and desighning."",school"
"198780,hobbies,""singing, drawing and desighning."",school"
"198781,hobbies,""singing, drawing and desining."",school"
"198782,hobbies,""singing, drawing."",school"
"198783,cultural,participated in cultural event of diploma college in all 3 years,school"
"198784,cultural,participated in cultural event of diploma college in all 3 years,school"
"198785,cultural,participated in cultural event of diploma college in all 3 years,school"
"198786,cultural,participated in cultural event of diploma college in all 3 years,school"
"198787,sports,participated in cricket tournament,school"
"198788,games,participated in chess and carrom tournament,school"
"198789,cultural,participated in cultural event of diploma college in all 3 years,school"
"198790,hobbies,painting,school"
"198791,sports,participated in cricket tournament,school"
"198792,games,participated in chess and carrom tournament,school"
"198793,cultural,participated in cultural event of diploma college in all 3 years,school"
"198794,hobbies,painting,school"
"198795,others,.,school"
"198796,cultural,participated in cultural festival in diploma college in all 3 years,school"
"198797,sports,footbool,school"
"198798,games,carrom,school"
"198799,hobbies,""cycling,playing soccer,cricket. "",school"
"198800,sports,badminton,state"
"198801,games,chess,district"
"198802,sports,cricket,school"
"198803,sports,""badminton,swimming,  cricket, foot ball, volley ball,shot put"",district"
"198804,games,chess,district"
"198805,cultural,acting in  annual programme,school"
"198806,hobbies,""reading books, listening music"",school"
"198807,others,he has won various awards in sports at various level,district"
"198808,hobbies,singing,school"
"198809,sports,badminton and throwball,school"
"198810,cultural,performed at annual day,school"
"198811,hobbies,singing,school"
"198812,sports,athletics,state"
"198813,games,badminton,state"
"198814,sports,football,school"
"198815,sports,""cricket, volleyball"",district"
"198816,games,table tennis,school"
"198817,sports,cricket,school"
"198818,cultural,musician/pianist/keyboardist,school"
"198819,sports,kho-kho,school"
"198820,games,chess,school"
"198821,hobbies,""singing, dancing, swimming"",school"
"198822,sports,cricket,school"
"198823,games,football,school"
"198824,hobbies,""listening music, playing games,reading books"",school"
"198825,sports,""football,badminton"",school"
"198826,games,carrom,school"
"198827,cultural,drama,school"
"198828,hobbies,""painting,sketching,dancing,movies"",school"
"198829,others,none,school"
"198830,sports,football,district"
"198831,games,fifa ,district"
"198832,cultural,danced,school"
"198833,others,part time youtuber (subscribe to my channel please!!!!),national"
"198834,sports,""football, badminton"",school"
"198835,hobbies,""gaming, youtubing"",school"
"198836,sports,football,school"
"198837,games,""fifa 16, gta 5, counter strike"",national"
"198838,cultural,""dancing, acting"",school"
"198839,hobbies,""football, gaming, dancing"",school"
"198840,others,""ludo, monopoly "",school"
"198841,sports,cricket,school"
"198842,games,""carrom,chess"",school"
"198843,cultural,none,school"
"198844,hobbies,""painting,sketching"",school"
"198845,others,none,school"
"198846,sports,""football, table tennis"",school"
"198847,cultural,guitar,school"
"198848,sports,to ride the downward spiral to hell!! [international level],national"
"198849,games,game of life? [spiritual level],national"
"198850,cultural,culturally trained to judge people [from outer side but crying about my own life from the inner side],national"
"198851,hobbies,""frequently take impossible tasks ,achieve it and make inappropriate jokes, if i dont complete the target,well idc and idk [international level]"",national"
"198852,others,blue whale [spiritual level],national"
"198853,sports,football,district"
"198854,games,football,district"
"198855,cultural,none,school"
"198856,hobbies,reading,school"
"198857,others,coding,school"
"198858,sports,took a part in a sports competions,school"
"198859,sports,""football,cricket"",school"
"198860,games,""clash of clans,clash royale,cs-go,cs-1.6,"",district"
"198861,sports,karate,district"
"198862,cultural,music,school"
"198863,hobbies,music,school"
"198864,sports,basketball,district"
"198865,sports,-,school"
"198866,games,-,school"
"198867,cultural,-,school"
"198868,hobbies,-,school"
"198869,others,-,school"
"198870,sports,running races,school"
"198871,games,""kho-kho, hand ball"",school"
"198872,cultural,""skit, drama"",school"
"198873,hobbies,""reading books, sketching"",school"
"198874,sports,-,national"
"198875,games,-,national"
"198876,cultural,-,national"
"198877,hobbies,-,national"
"198878,others,-,national"
"198879,sports,kabaddi,school"
"198880,cultural,skit and street plays,school"
"198881,hobbies,cycling and swimming,school"
